{"_index":"malice","_type":"samples","_id":"AVjunCKCqEKu0E_OXNzX","_score":1,"_source":{"file":{"md5":"15f994b0886f7d7c547e24859b991c33","name":"malware.exe","path":"/Users/blacktop/go/src/github.com/maliceio/malice/data/samples/Spyeye/2b8a408b56eaf3ce0198c9d1d8a75ec0/malware.exe","sha1":"bd828f7951b7ff7193943731a79cdf466f4c8def","sha256":"df192e9020c411a26bf28d47b4eb859f5e375013ef250e46b86a930ae67d6bae","sha512":"30a1452dac94ab61313c7f0bc33a79642759363befd5b21067af7197447f5d300e37aae1eb6283e24f4b5e0a885931365273de94f63f1c88ebb8d02a4e4a7ad0","size":"148.5 kB"},"plugins":{"archive":{"zip":null},"av":{"avast":null,"avg":{"result":"","infected":false,"database":"4477/13152","engine":"13.0.3114","updated":"20161005"},"bitdefender":{"result":"","infected":false,"engine":"7.90123","updated":"20161005"},"clamav":{"result":"Win.Trojan.Spyeye-495","infected":true,"known":"4873757","engine":"0.99.2","updated":"20161005"},"comodo":{"result":"","infected":false,"engine":"1.1","updated":"20161005"},"f-secure":null,"fprot":null,"sophos":{"result":"Mal/Spyeye-A","infected":true,"database":"5.32","engine":"5.27.0","updated":"20161005"},"yara":{"Matches":[{"Meta":{"method":"Find string MZ followed by string PE at the correct offset (AddressOfNewExeHeader)","author":"Didier Stevens (https://DidierStevens.com)","description":"Detect a PE file inside a byte sequence"},"Rule":"Contains_PE_File","Strings":[{"Data":"TVo=","Name":"$a","Offset":0},{"Data":"TVo=","Name":"$a","Offset":6219},{"Data":"TVo=","Name":"$a","Offset":17184},{"Data":"TVo=","Name":"$a","Offset":29355},{"Data":"TVo=","Name":"$a","Offset":47660}],"Namespace":"malice","Tags":[]},{"Meta":{"description":"Microsoft Visual C++ v5.0/v6.0 (MFC)"},"Rule":"_Microsoft_Visual_Cpp_v50v60_MFC_","Strings":[{"Data":"VYvsUQ==","Name":"$0","Offset":1110},{"Data":"VYvsUQ==","Name":"$0","Offset":1144},{"Data":"VYvsUQ==","Name":"$0","Offset":1181},{"Data":"VYvsUQ==","Name":"$0","Offset":1215},{"Data":"VYvsUQ==","Name":"$0","Offset":1255},{"Data":"VYvsUQ==","Name":"$0","Offset":1286},{"Data":"VYvsUQ==","Name":"$0","Offset":1320},{"Data":"VYvsUQ==","Name":"$0","Offset":1348},{"Data":"VYvsUQ==","Name":"$0","Offset":1382},{"Data":"VYvsUQ==","Name":"$0","Offset":1425},{"Data":"VYvsUQ==","Name":"$0","Offset":1456},{"Data":"VYvsUQ==","Name":"$0","Offset":1487},{"Data":"VYvsUQ==","Name":"$0","Offset":1518},{"Data":"VYvsUQ==","Name":"$0","Offset":1555},{"Data":"VYvsUQ==","Name":"$0","Offset":1589},{"Data":"VYvsUQ==","Name":"$0","Offset":1620},{"Data":"VYvsgw==","Name":"$0","Offset":1654},{"Data":"VYvsgw==","Name":"$0","Offset":1724},{"Data":"VYvsgw==","Name":"$0","Offset":1800},{"Data":"VYvsUQ==","Name":"$0","Offset":1870},{"Data":"VYvsUQ==","Name":"$0","Offset":1913},{"Data":"VYvsUQ==","Name":"$0","Offset":1953},{"Data":"VYvsUQ==","Name":"$0","Offset":1999},{"Data":"VYvsgQ==","Name":"$0","Offset":2030},{"Data":"VYvsgQ==","Name":"$0","Offset":2082},{"Data":"VYvsgQ==","Name":"$0","Offset":2131},{"Data":"VYvsgQ==","Name":"$0","Offset":2186},{"Data":"VYvsgQ==","Name":"$0","Offset":4505},{"Data":"VYvsgQ==","Name":"$0","Offset":4728},{"Data":"VYvsXQ==","Name":"$0","Offset":4894},{"Data":"VYvsiw==","Name":"$0","Offset":4927},{"Data":"VYvsUw==","Name":"$0","Offset":5326},{"Data":"VYvsgw==","Name":"$0","Offset":5378},{"Data":"VYvsgQ==","Name":"$0","Offset":5764},{"Data":"VYvsiw==","Name":"$0","Offset":6210},{"Data":"VYvsiw==","Name":"$0","Offset":6258},{"Data":"VYvs/w==","Name":"$0","Offset":6591},{"Data":"VYvsUQ==","Name":"$0","Offset":6626},{"Data":"VYvsgw==","Name":"$0","Offset":6701},{"Data":"VYvsUQ==","Name":"$0","Offset":6935},{"Data":"VYvsgw==","Name":"$0","Offset":6987},{"Data":"VYvsgw==","Name":"$0","Offset":7063},{"Data":"VYvsgw==","Name":"$0","Offset":7413},{"Data":"VYvsgQ==","Name":"$0","Offset":7633},{"Data":"VYvsgw==","Name":"$0","Offset":8362},{"Data":"VYvsUQ==","Name":"$0","Offset":8813},{"Data":"VYvsZA==","Name":"$0","Offset":8881},{"Data":"VYvsgw==","Name":"$0","Offset":8901},{"Data":"VYvsgw==","Name":"$0","Offset":8947},{"Data":"VYvsgw==","Name":"$0","Offset":8990},{"Data":"VYvsgw==","Name":"$0","Offset":9045},{"Data":"VYvsgw==","Name":"$0","Offset":9091},{"Data":"VYvsgw==","Name":"$0","Offset":9149},{"Data":"VYvsgw==","Name":"$0","Offset":9210},{"Data":"VYvsUQ==","Name":"$0","Offset":9280},{"Data":"VYvsUQ==","Name":"$0","Offset":9311},{"Data":"VYvsUQ==","Name":"$0","Offset":9345},{"Data":"VYvsUQ==","Name":"$0","Offset":9394},{"Data":"VYvsUQ==","Name":"$0","Offset":9428},{"Data":"VYvsUQ==","Name":"$0","Offset":9468},{"Data":"VYvsUQ==","Name":"$0","Offset":9499},{"Data":"VYvsUQ==","Name":"$0","Offset":9542},{"Data":"VYvsUQ==","Name":"$0","Offset":9582},{"Data":"VYvsUQ==","Name":"$0","Offset":9622},{"Data":"VYvsgw==","Name":"$0","Offset":9815},{"Data":"VYvsUQ==","Name":"$0","Offset":10055},{"Data":"VYvsgw==","Name":"$0","Offset":10092},{"Data":"VYvsgw==","Name":"$0","Offset":10291},{"Data":"VYvsgw==","Name":"$0","Offset":10345},{"Data":"VYvsgw==","Name":"$0","Offset":10797},{"Data":"VYvsgw==","Name":"$0","Offset":10870},{"Data":"VYvsgw==","Name":"$0","Offset":10949},{"Data":"VYvsgw==","Name":"$0","Offset":11019},{"Data":"VYvsgQ==","Name":"$0","Offset":11092},{"Data":"VYvsgw==","Name":"$0","Offset":11724},{"Data":"VYvsgw==","Name":"$0","Offset":18208},{"Data":"VYvsgw==","Name":"$0","Offset":18371},{"Data":"VYvsgQ==","Name":"$0","Offset":18429},{"Data":"VYvsgQ==","Name":"$0","Offset":18524},{"Data":"VYvsgw==","Name":"$0","Offset":18898},{"Data":"VYvsgw==","Name":"$0","Offset":19266},{"Data":"VYvsUQ==","Name":"$0","Offset":19513},{"Data":"VYvsgw==","Name":"$0","Offset":19550},{"Data":"VYvsgQ==","Name":"$0","Offset":20328},{"Data":"VYvsXQ==","Name":"$0","Offset":20494},{"Data":"VYvsVg==","Name":"$0","Offset":20527},{"Data":"VYvsUw==","Name":"$0","Offset":20652},{"Data":"VYvsjQ==","Name":"$0","Offset":20753},{"Data":"VYvsiw==","Name":"$0","Offset":20781},{"Data":"VYvsiw==","Name":"$0","Offset":20897},{"Data":"VYvsVg==","Name":"$0","Offset":21001},{"Data":"VYvsjQ==","Name":"$0","Offset":21103},{"Data":"VYvsiw==","Name":"$0","Offset":21131},{"Data":"VYvsUw==","Name":"$0","Offset":21530},{"Data":"VYvsgw==","Name":"$0","Offset":21586},{"Data":"VYvsgw==","Name":"$0","Offset":21970},{"Data":"VYvsgw==","Name":"$0","Offset":21989},{"Data":"VYvsgQ==","Name":"$0","Offset":22126},{"Data":"VYvsVg==","Name":"$0","Offset":22561},{"Data":"VYvs9g==","Name":"$0","Offset":22599},{"Data":"VYvsgw==","Name":"$0","Offset":22677},{"Data":"VYvsgw==","Name":"$0","Offset":22854},{"Data":"VYvsgQ==","Name":"$0","Offset":23087},{"Data":"VYvsgw==","Name":"$0","Offset":25875},{"Data":"VYvsVg==","Name":"$0","Offset":26120},{"Data":"VYvs9g==","Name":"$0","Offset":26158},{"Data":"VYvsgQ==","Name":"$0","Offset":26240},{"Data":"VYvsgw==","Name":"$0","Offset":29080},{"Data":"VYvsiw==","Name":"$0","Offset":29346},{"Data":"VYvsiw==","Name":"$0","Offset":29394},{"Data":"VYvsgw==","Name":"$0","Offset":29652},{"Data":"VYvs/w==","Name":"$0","Offset":29947},{"Data":"VYvsUQ==","Name":"$0","Offset":29984},{"Data":"VYvsgQ==","Name":"$0","Offset":30438},{"Data":"VYvsgQ==","Name":"$0","Offset":30695},{"Data":"VYvsgw==","Name":"$0","Offset":31078},{"Data":"VYvsDw==","Name":"$0","Offset":31208},{"Data":"VYvsUQ==","Name":"$0","Offset":31503},{"Data":"VYvsuA==","Name":"$0","Offset":31646},{"Data":"VYvsgw==","Name":"$0","Offset":31835},{"Data":"VYvsgw==","Name":"$0","Offset":31911},{"Data":"VYvsgw==","Name":"$0","Offset":31984},{"Data":"VYvsgw==","Name":"$0","Offset":32054},{"Data":"VYvsgw==","Name":"$0","Offset":32133},{"Data":"VYvsgw==","Name":"$0","Offset":32209},{"Data":"VYvsgQ==","Name":"$0","Offset":32279},{"Data":"VYvsUQ==","Name":"$0","Offset":32732},{"Data":"VYvsuA==","Name":"$0","Offset":33715},{"Data":"VYvsuA==","Name":"$0","Offset":34134},{"Data":"VYvsUQ==","Name":"$0","Offset":34553},{"Data":"VYvsUQ==","Name":"$0","Offset":34859},{"Data":"VYvsgw==","Name":"$0","Offset":34934},{"Data":"VYvsUQ==","Name":"$0","Offset":35168},{"Data":"VYvsgw==","Name":"$0","Offset":35220},{"Data":"VYvsgw==","Name":"$0","Offset":35296},{"Data":"VYvsgw==","Name":"$0","Offset":35646},{"Data":"VYvsgQ==","Name":"$0","Offset":35866},{"Data":"VYvsgw==","Name":"$0","Offset":36595},{"Data":"VYvsUQ==","Name":"$0","Offset":37046},{"Data":"VYvsZA==","Name":"$0","Offset":37114},{"Data":"VYvsgw==","Name":"$0","Offset":37134},{"Data":"VYvsgw==","Name":"$0","Offset":37180},{"Data":"VYvsgw==","Name":"$0","Offset":37223},{"Data":"VYvsgw==","Name":"$0","Offset":37278},{"Data":"VYvsgw==","Name":"$0","Offset":37324},{"Data":"VYvsgw==","Name":"$0","Offset":37382},{"Data":"VYvsgw==","Name":"$0","Offset":37443},{"Data":"VYvsgQ==","Name":"$0","Offset":37513},{"Data":"VYvsUQ==","Name":"$0","Offset":37681},{"Data":"VYvsuA==","Name":"$0","Offset":37748},{"Data":"VYvsUw==","Name":"$0","Offset":38061},{"Data":"VYvsUw==","Name":"$0","Offset":38245},{"Data":"VYvsUw==","Name":"$0","Offset":38429},{"Data":"VYvsUw==","Name":"$0","Offset":38613},{"Data":"VYvsUw==","Name":"$0","Offset":38797},{"Data":"VYvsUw==","Name":"$0","Offset":38981},{"Data":"VYvsgw==","Name":"$0","Offset":39165},{"Data":"VYvsUQ==","Name":"$0","Offset":39247},{"Data":"VYvsgw==","Name":"$0","Offset":39290},{"Data":"VYvsgw==","Name":"$0","Offset":39366},{"Data":"VYvsUQ==","Name":"$0","Offset":39550},{"Data":"VYvsgw==","Name":"$0","Offset":39604},{"Data":"VYvsgw==","Name":"$0","Offset":39776},{"Data":"VYvsgw==","Name":"$0","Offset":39981},{"Data":"VYvsUQ==","Name":"$0","Offset":40078},{"Data":"VYvsgw==","Name":"$0","Offset":40121},{"Data":"VYvsUQ==","Name":"$0","Offset":40203},{"Data":"VYvsgw==","Name":"$0","Offset":40237},{"Data":"VYvsgw==","Name":"$0","Offset":40319},{"Data":"VYvsgw==","Name":"$0","Offset":40431},{"Data":"VYvsuA==","Name":"$0","Offset":41678},{"Data":"VYvsjQ==","Name":"$0","Offset":41832},{"Data":"VYvsUQ==","Name":"$0","Offset":41889},{"Data":"VYvsUQ==","Name":"$0","Offset":41917},{"Data":"VYvsUQ==","Name":"$0","Offset":41954},{"Data":"VYvsgw==","Name":"$0","Offset":41985},{"Data":"VYvsgw==","Name":"$0","Offset":42184},{"Data":"VYvsgw==","Name":"$0","Offset":42238},{"Data":"VYvsUQ==","Name":"$0","Offset":42753},{"Data":"VYvsgQ==","Name":"$0","Offset":42799},{"Data":"VYvsgw==","Name":"$0","Offset":43093},{"Data":"VYvsgw==","Name":"$0","Offset":43193},{"Data":"VYvsgw==","Name":"$0","Offset":43260},{"Data":"VYvsgw==","Name":"$0","Offset":43330},{"Data":"VYvsUQ==","Name":"$0","Offset":43403},{"Data":"VYvsgw==","Name":"$0","Offset":43437},{"Data":"VYvsUQ==","Name":"$0","Offset":43507},{"Data":"VYvsUQ==","Name":"$0","Offset":43541},{"Data":"VYvsgQ==","Name":"$0","Offset":43724},{"Data":"VYvsUQ==","Name":"$0","Offset":43906},{"Data":"VYvsgQ==","Name":"$0","Offset":44423},{"Data":"VYvsuA==","Name":"$0","Offset":44519},{"Data":"VYvsgw==","Name":"$0","Offset":45685},{"Data":"VYvsUQ==","Name":"$0","Offset":45764},{"Data":"VYvsgQ==","Name":"$0","Offset":45804},{"Data":"VYvsgw==","Name":"$0","Offset":46141},{"Data":"VYvsgw==","Name":"$0","Offset":46223},{"Data":"VYvsgw==","Name":"$0","Offset":46305},{"Data":"VYvsgw==","Name":"$0","Offset":46390},{"Data":"VYvsgw==","Name":"$0","Offset":46469},{"Data":"VYvsgw==","Name":"$0","Offset":46548},{"Data":"VYvsUQ==","Name":"$0","Offset":46618},{"Data":"VYvsgw==","Name":"$0","Offset":47089},{"Data":"VYvsgQ==","Name":"$0","Offset":47220},{"Data":"VYvsgw==","Name":"$0","Offset":47303},{"Data":"VYvsgw==","Name":"$0","Offset":47385},{"Data":"VYvsgw==","Name":"$0","Offset":47470},{"Data":"VYvsUQ==","Name":"$0","Offset":47540},{"Data":"VYvsUQ==","Name":"$0","Offset":47681},{"Data":"VYvsUQ==","Name":"$0","Offset":47721},{"Data":"VYvsUQ==","Name":"$0","Offset":47755},{"Data":"VYvsgQ==","Name":"$0","Offset":47816},{"Data":"VYvsgQ==","Name":"$0","Offset":48225},{"Data":"VYvsgQ==","Name":"$0","Offset":49049},{"Data":"VYvsgw==","Name":"$0","Offset":49256},{"Data":"VYvsgw==","Name":"$0","Offset":49329},{"Data":"VYvsgw==","Name":"$0","Offset":49408},{"Data":"VYvsgQ==","Name":"$0","Offset":49505},{"Data":"VYvsgw==","Name":"$0","Offset":49853},{"Data":"VYvsUQ==","Name":"$0","Offset":50015},{"Data":"VYvsUQ==","Name":"$0","Offset":50046},{"Data":"VYvsUQ==","Name":"$0","Offset":50080},{"Data":"VYvsUQ==","Name":"$0","Offset":50129},{"Data":"VYvsUQ==","Name":"$0","Offset":50163},{"Data":"VYvsUQ==","Name":"$0","Offset":50203},{"Data":"VYvsUQ==","Name":"$0","Offset":50234},{"Data":"VYvsgw==","Name":"$0","Offset":50277},{"Data":"VYvsgw==","Name":"$0","Offset":50365},{"Data":"VYvsUQ==","Name":"$0","Offset":50438},{"Data":"VYvsUQ==","Name":"$0","Offset":50478},{"Data":"VYvsVg==","Name":"$0","Offset":50518},{"Data":"VYvsUQ==","Name":"$0","Offset":50599},{"Data":"VYvsgw==","Name":"$0","Offset":50792},{"Data":"VYvsgQ==","Name":"$0","Offset":51006},{"Data":"VYvsgw==","Name":"$0","Offset":51400},{"Data":"VYvsgw==","Name":"$0","Offset":51562},{"Data":"VYvsgw==","Name":"$0","Offset":51635},{"Data":"VYvsgw==","Name":"$0","Offset":51714},{"Data":"VYvsgw==","Name":"$0","Offset":51784},{"Data":"VYvsgQ==","Name":"$0","Offset":51857},{"Data":"VYvsgw==","Name":"$0","Offset":53012},{"Data":"VYvsgw==","Name":"$0","Offset":53091},{"Data":"VYvsUQ==","Name":"$0","Offset":53173},{"Data":"VYvsoQ==","Name":"$0","Offset":53582},{"Data":"VYvsgQ==","Name":"$0","Offset":53767},{"Data":"VYvsgw==","Name":"$0","Offset":54665},{"Data":"VYvsUQ==","Name":"$0","Offset":57147},{"Data":"VYvsUQ==","Name":"$0","Offset":57304},{"Data":"VYvsUQ==","Name":"$0","Offset":57373},{"Data":"VYvsUQ==","Name":"$0","Offset":57419},{"Data":"VYvsgw==","Name":"$0","Offset":57484},{"Data":"VYvsgw==","Name":"$0","Offset":57554},{"Data":"VYvsgw==","Name":"$0","Offset":57621},{"Data":"VYvsgw==","Name":"$0","Offset":57721},{"Data":"VYvsgw==","Name":"$0","Offset":57791},{"Data":"VYvsgw==","Name":"$0","Offset":57864},{"Data":"VYvsiw==","Name":"$0","Offset":58192},{"Data":"VYvsgw==","Name":"$0","Offset":58398},{"Data":"VYvsoQ==","Name":"$0","Offset":58573},{"Data":"VYvsgQ==","Name":"$0","Offset":58723},{"Data":"VYvsgw==","Name":"$0","Offset":58910},{"Data":"VYvsUQ==","Name":"$0","Offset":59966},{"Data":"VYvsUQ==","Name":"$0","Offset":60020},{"Data":"VYvsUQ==","Name":"$0","Offset":60102},{"Data":"VYvsUQ==","Name":"$0","Offset":60156},{"Data":"VYvsUQ==","Name":"$0","Offset":60365},{"Data":"VYvsUQ==","Name":"$0","Offset":60420},{"Data":"VYvsUQ==","Name":"$0","Offset":60827},{"Data":"VYvsUQ==","Name":"$0","Offset":61127},{"Data":"VYvsVg==","Name":"$0","Offset":64322},{"Data":"VYvsVg==","Name":"$0","Offset":64420},{"Data":"VYvsgQ==","Name":"$0","Offset":64481},{"Data":"VYvsgw==","Name":"$0","Offset":64995},{"Data":"VYvsgw==","Name":"$0","Offset":65135},{"Data":"VYvsgQ==","Name":"$0","Offset":79013},{"Data":"VYvsgw==","Name":"$0","Offset":79386},{"Data":"VYvsgw==","Name":"$0","Offset":79548},{"Data":"VYvsgw==","Name":"$0","Offset":79939},{"Data":"VYvsgw==","Name":"$0","Offset":80216},{"Data":"VYvsgw==","Name":"$0","Offset":80828},{"Data":"VYvsgw==","Name":"$0","Offset":80904},{"Data":"VYvsgw==","Name":"$0","Offset":80977},{"Data":"VYvsgQ==","Name":"$0","Offset":81115},{"Data":"VYvsgw==","Name":"$0","Offset":81392},{"Data":"VYvsUQ==","Name":"$0","Offset":81446},{"Data":"VYvsgw==","Name":"$0","Offset":81637},{"Data":"VYvsUQ==","Name":"$0","Offset":81733},{"Data":"VYvsUQ==","Name":"$0","Offset":82941},{"Data":"VYvsgw==","Name":"$0","Offset":83142},{"Data":"VYvsUQ==","Name":"$0","Offset":84285},{"Data":"VYvsUQ==","Name":"$0","Offset":84378},{"Data":"VYvsUQ==","Name":"$0","Offset":84458},{"Data":"VYvsUQ==","Name":"$0","Offset":84506},{"Data":"VYvsUQ==","Name":"$0","Offset":84596},{"Data":"VYvsUQ==","Name":"$0","Offset":85352},{"Data":"VYvsgQ==","Name":"$0","Offset":85800},{"Data":"VYvsgw==","Name":"$0","Offset":86680},{"Data":"VYvsgw==","Name":"$0","Offset":86827},{"Data":"VYvsgw==","Name":"$0","Offset":87129},{"Data":"VYvsgw==","Name":"$0","Offset":88136},{"Data":"VYvsgw==","Name":"$0","Offset":89412},{"Data":"VYvsUQ==","Name":"$0","Offset":91376},{"Data":"VYvsUQ==","Name":"$0","Offset":92132},{"Data":"VYvsgw==","Name":"$0","Offset":92586},{"Data":"VYvsag==","Name":"$0","Offset":93216},{"Data":"VYvs/w==","Name":"$0","Offset":94083},{"Data":"VYvsVg==","Name":"$0","Offset":94106},{"Data":"VYvsUQ==","Name":"$0","Offset":94150},{"Data":"VYvsVg==","Name":"$0","Offset":94447},{"Data":"VYvsiw==","Name":"$0","Offset":94714},{"Data":"VYvsUQ==","Name":"$0","Offset":94872},{"Data":"VYvsgw==","Name":"$0","Offset":94955},{"Data":"VYvsUw==","Name":"$0","Offset":95249},{"Data":"VYvsgw==","Name":"$0","Offset":95466}],"Namespace":"malice","Tags":[]},{"Meta":{"description":"Borland Delphi v6.0 - v7.0"},"Rule":"_Borland_Delphi_v60__v70_","Strings":[{"Data":"VYvs","Name":"$4","Offset":1110},{"Data":"VYvs","Name":"$4","Offset":1144},{"Data":"VYvs","Name":"$4","Offset":1181},{"Data":"VYvs","Name":"$4","Offset":1215},{"Data":"VYvs","Name":"$4","Offset":1255},{"Data":"VYvs","Name":"$4","Offset":1286},{"Data":"VYvs","Name":"$4","Offset":1320},{"Data":"VYvs","Name":"$4","Offset":1348},{"Data":"VYvs","Name":"$4","Offset":1382},{"Data":"VYvs","Name":"$4","Offset":1425},{"Data":"VYvs","Name":"$4","Offset":1456},{"Data":"VYvs","Name":"$4","Offset":1487},{"Data":"VYvs","Name":"$4","Offset":1518},{"Data":"VYvs","Name":"$4","Offset":1555},{"Data":"VYvs","Name":"$4","Offset":1589},{"Data":"VYvs","Name":"$4","Offset":1620},{"Data":"VYvs","Name":"$4","Offset":1654},{"Data":"VYvs","Name":"$4","Offset":1724},{"Data":"VYvs","Name":"$4","Offset":1800},{"Data":"VYvs","Name":"$4","Offset":1870},{"Data":"VYvs","Name":"$4","Offset":1913},{"Data":"VYvs","Name":"$4","Offset":1953},{"Data":"VYvs","Name":"$4","Offset":1999},{"Data":"VYvs","Name":"$4","Offset":2030},{"Data":"VYvs","Name":"$4","Offset":2082},{"Data":"VYvs","Name":"$4","Offset":2131},{"Data":"VYvs","Name":"$4","Offset":2186},{"Data":"VYvs","Name":"$4","Offset":4505},{"Data":"VYvs","Name":"$4","Offset":4728},{"Data":"VYvs","Name":"$4","Offset":4894},{"Data":"VYvs","Name":"$4","Offset":4927},{"Data":"VYvs","Name":"$4","Offset":5326},{"Data":"VYvs","Name":"$4","Offset":5378},{"Data":"VYvs","Name":"$4","Offset":5764},{"Data":"VYvs","Name":"$4","Offset":6210},{"Data":"VYvs","Name":"$4","Offset":6258},{"Data":"VYvs","Name":"$4","Offset":6591},{"Data":"VYvs","Name":"$4","Offset":6626},{"Data":"VYvs","Name":"$4","Offset":6701},{"Data":"VYvs","Name":"$4","Offset":6935},{"Data":"VYvs","Name":"$4","Offset":6987},{"Data":"VYvs","Name":"$4","Offset":7063},{"Data":"VYvs","Name":"$4","Offset":7413},{"Data":"VYvs","Name":"$4","Offset":7633},{"Data":"VYvs","Name":"$4","Offset":8362},{"Data":"VYvs","Name":"$4","Offset":8813},{"Data":"VYvs","Name":"$4","Offset":8881},{"Data":"VYvs","Name":"$4","Offset":8901},{"Data":"VYvs","Name":"$4","Offset":8947},{"Data":"VYvs","Name":"$4","Offset":8990},{"Data":"VYvs","Name":"$4","Offset":9045},{"Data":"VYvs","Name":"$4","Offset":9091},{"Data":"VYvs","Name":"$4","Offset":9149},{"Data":"VYvs","Name":"$4","Offset":9210},{"Data":"VYvs","Name":"$4","Offset":9280},{"Data":"VYvs","Name":"$4","Offset":9311},{"Data":"VYvs","Name":"$4","Offset":9345},{"Data":"VYvs","Name":"$4","Offset":9394},{"Data":"VYvs","Name":"$4","Offset":9428},{"Data":"VYvs","Name":"$4","Offset":9468},{"Data":"VYvs","Name":"$4","Offset":9499},{"Data":"VYvs","Name":"$4","Offset":9542},{"Data":"VYvs","Name":"$4","Offset":9582},{"Data":"VYvs","Name":"$4","Offset":9622},{"Data":"VYvs","Name":"$4","Offset":9815},{"Data":"VYvs","Name":"$4","Offset":10055},{"Data":"VYvs","Name":"$4","Offset":10092},{"Data":"VYvs","Name":"$4","Offset":10291},{"Data":"VYvs","Name":"$4","Offset":10345},{"Data":"VYvs","Name":"$4","Offset":10797},{"Data":"VYvs","Name":"$4","Offset":10870},{"Data":"VYvs","Name":"$4","Offset":10949},{"Data":"VYvs","Name":"$4","Offset":11019},{"Data":"VYvs","Name":"$4","Offset":11092},{"Data":"VYvs","Name":"$4","Offset":11724},{"Data":"VYvs","Name":"$4","Offset":18208},{"Data":"VYvs","Name":"$4","Offset":18371},{"Data":"VYvs","Name":"$4","Offset":18429},{"Data":"VYvs","Name":"$4","Offset":18524},{"Data":"VYvs","Name":"$4","Offset":18898},{"Data":"VYvs","Name":"$4","Offset":19266},{"Data":"VYvs","Name":"$4","Offset":19513},{"Data":"VYvs","Name":"$4","Offset":19550},{"Data":"VYvs","Name":"$4","Offset":20328},{"Data":"VYvs","Name":"$4","Offset":20494},{"Data":"VYvs","Name":"$4","Offset":20527},{"Data":"VYvs","Name":"$4","Offset":20652},{"Data":"VYvs","Name":"$4","Offset":20753},{"Data":"VYvs","Name":"$4","Offset":20781},{"Data":"VYvs","Name":"$4","Offset":20897},{"Data":"VYvs","Name":"$4","Offset":21001},{"Data":"VYvs","Name":"$4","Offset":21103},{"Data":"VYvs","Name":"$4","Offset":21131},{"Data":"VYvs","Name":"$4","Offset":21530},{"Data":"VYvs","Name":"$4","Offset":21586},{"Data":"VYvs","Name":"$4","Offset":21970},{"Data":"VYvs","Name":"$4","Offset":21989},{"Data":"VYvs","Name":"$4","Offset":22126},{"Data":"VYvs","Name":"$4","Offset":22561},{"Data":"VYvs","Name":"$4","Offset":22599},{"Data":"VYvs","Name":"$4","Offset":22677},{"Data":"VYvs","Name":"$4","Offset":22854},{"Data":"VYvs","Name":"$4","Offset":23087},{"Data":"VYvs","Name":"$4","Offset":25875},{"Data":"VYvs","Name":"$4","Offset":26120},{"Data":"VYvs","Name":"$4","Offset":26158},{"Data":"VYvs","Name":"$4","Offset":26240},{"Data":"VYvs","Name":"$4","Offset":29080},{"Data":"VYvs","Name":"$4","Offset":29346},{"Data":"VYvs","Name":"$4","Offset":29394},{"Data":"VYvs","Name":"$4","Offset":29652},{"Data":"VYvs","Name":"$4","Offset":29947},{"Data":"VYvs","Name":"$4","Offset":29984},{"Data":"VYvs","Name":"$4","Offset":30438},{"Data":"VYvs","Name":"$4","Offset":30695},{"Data":"VYvs","Name":"$4","Offset":31078},{"Data":"VYvs","Name":"$4","Offset":31208},{"Data":"VYvs","Name":"$4","Offset":31503},{"Data":"VYvs","Name":"$4","Offset":31646},{"Data":"VYvs","Name":"$4","Offset":31835},{"Data":"VYvs","Name":"$4","Offset":31911},{"Data":"VYvs","Name":"$4","Offset":31984},{"Data":"VYvs","Name":"$4","Offset":32054},{"Data":"VYvs","Name":"$4","Offset":32133},{"Data":"VYvs","Name":"$4","Offset":32209},{"Data":"VYvs","Name":"$4","Offset":32279},{"Data":"VYvs","Name":"$4","Offset":32732},{"Data":"VYvs","Name":"$4","Offset":33715},{"Data":"VYvs","Name":"$4","Offset":34134},{"Data":"VYvs","Name":"$4","Offset":34553},{"Data":"VYvs","Name":"$4","Offset":34859},{"Data":"VYvs","Name":"$4","Offset":34934},{"Data":"VYvs","Name":"$4","Offset":35168},{"Data":"VYvs","Name":"$4","Offset":35220},{"Data":"VYvs","Name":"$4","Offset":35296},{"Data":"VYvs","Name":"$4","Offset":35646},{"Data":"VYvs","Name":"$4","Offset":35866},{"Data":"VYvs","Name":"$4","Offset":36595},{"Data":"VYvs","Name":"$4","Offset":37046},{"Data":"VYvs","Name":"$4","Offset":37114},{"Data":"VYvs","Name":"$4","Offset":37134},{"Data":"VYvs","Name":"$4","Offset":37180},{"Data":"VYvs","Name":"$4","Offset":37223},{"Data":"VYvs","Name":"$4","Offset":37278},{"Data":"VYvs","Name":"$4","Offset":37324},{"Data":"VYvs","Name":"$4","Offset":37382},{"Data":"VYvs","Name":"$4","Offset":37443},{"Data":"VYvs","Name":"$4","Offset":37513},{"Data":"VYvs","Name":"$4","Offset":37681},{"Data":"VYvs","Name":"$4","Offset":37748},{"Data":"VYvs","Name":"$4","Offset":38061},{"Data":"VYvs","Name":"$4","Offset":38245},{"Data":"VYvs","Name":"$4","Offset":38429},{"Data":"VYvs","Name":"$4","Offset":38613},{"Data":"VYvs","Name":"$4","Offset":38797},{"Data":"VYvs","Name":"$4","Offset":38981},{"Data":"VYvs","Name":"$4","Offset":39165},{"Data":"VYvs","Name":"$4","Offset":39247},{"Data":"VYvs","Name":"$4","Offset":39290},{"Data":"VYvs","Name":"$4","Offset":39366},{"Data":"VYvs","Name":"$4","Offset":39550},{"Data":"VYvs","Name":"$4","Offset":39604},{"Data":"VYvs","Name":"$4","Offset":39776},{"Data":"VYvs","Name":"$4","Offset":39981},{"Data":"VYvs","Name":"$4","Offset":40078},{"Data":"VYvs","Name":"$4","Offset":40121},{"Data":"VYvs","Name":"$4","Offset":40203},{"Data":"VYvs","Name":"$4","Offset":40237},{"Data":"VYvs","Name":"$4","Offset":40319},{"Data":"VYvs","Name":"$4","Offset":40431},{"Data":"VYvs","Name":"$4","Offset":41678},{"Data":"VYvs","Name":"$4","Offset":41832},{"Data":"VYvs","Name":"$4","Offset":41889},{"Data":"VYvs","Name":"$4","Offset":41917},{"Data":"VYvs","Name":"$4","Offset":41954},{"Data":"VYvs","Name":"$4","Offset":41985},{"Data":"VYvs","Name":"$4","Offset":42184},{"Data":"VYvs","Name":"$4","Offset":42238},{"Data":"VYvs","Name":"$4","Offset":42753},{"Data":"VYvs","Name":"$4","Offset":42799},{"Data":"VYvs","Name":"$4","Offset":43093},{"Data":"VYvs","Name":"$4","Offset":43193},{"Data":"VYvs","Name":"$4","Offset":43260},{"Data":"VYvs","Name":"$4","Offset":43330},{"Data":"VYvs","Name":"$4","Offset":43403},{"Data":"VYvs","Name":"$4","Offset":43437},{"Data":"VYvs","Name":"$4","Offset":43507},{"Data":"VYvs","Name":"$4","Offset":43541},{"Data":"VYvs","Name":"$4","Offset":43724},{"Data":"VYvs","Name":"$4","Offset":43906},{"Data":"VYvs","Name":"$4","Offset":44423},{"Data":"VYvs","Name":"$4","Offset":44519},{"Data":"VYvs","Name":"$4","Offset":45685},{"Data":"VYvs","Name":"$4","Offset":45764},{"Data":"VYvs","Name":"$4","Offset":45804},{"Data":"VYvs","Name":"$4","Offset":46141},{"Data":"VYvs","Name":"$4","Offset":46223},{"Data":"VYvs","Name":"$4","Offset":46305},{"Data":"VYvs","Name":"$4","Offset":46390},{"Data":"VYvs","Name":"$4","Offset":46469},{"Data":"VYvs","Name":"$4","Offset":46548},{"Data":"VYvs","Name":"$4","Offset":46618},{"Data":"VYvs","Name":"$4","Offset":47089},{"Data":"VYvs","Name":"$4","Offset":47220},{"Data":"VYvs","Name":"$4","Offset":47303},{"Data":"VYvs","Name":"$4","Offset":47385},{"Data":"VYvs","Name":"$4","Offset":47470},{"Data":"VYvs","Name":"$4","Offset":47540},{"Data":"VYvs","Name":"$4","Offset":47681},{"Data":"VYvs","Name":"$4","Offset":47721},{"Data":"VYvs","Name":"$4","Offset":47755},{"Data":"VYvs","Name":"$4","Offset":47816},{"Data":"VYvs","Name":"$4","Offset":48225},{"Data":"VYvs","Name":"$4","Offset":49049},{"Data":"VYvs","Name":"$4","Offset":49256},{"Data":"VYvs","Name":"$4","Offset":49329},{"Data":"VYvs","Name":"$4","Offset":49408},{"Data":"VYvs","Name":"$4","Offset":49505},{"Data":"VYvs","Name":"$4","Offset":49853},{"Data":"VYvs","Name":"$4","Offset":50015},{"Data":"VYvs","Name":"$4","Offset":50046},{"Data":"VYvs","Name":"$4","Offset":50080},{"Data":"VYvs","Name":"$4","Offset":50129},{"Data":"VYvs","Name":"$4","Offset":50163},{"Data":"VYvs","Name":"$4","Offset":50203},{"Data":"VYvs","Name":"$4","Offset":50234},{"Data":"VYvs","Name":"$4","Offset":50277},{"Data":"VYvs","Name":"$4","Offset":50365},{"Data":"VYvs","Name":"$4","Offset":50438},{"Data":"VYvs","Name":"$4","Offset":50478},{"Data":"VYvs","Name":"$4","Offset":50518},{"Data":"VYvs","Name":"$4","Offset":50599},{"Data":"VYvs","Name":"$4","Offset":50792},{"Data":"VYvs","Name":"$4","Offset":51006},{"Data":"VYvs","Name":"$4","Offset":51400},{"Data":"VYvs","Name":"$4","Offset":51562},{"Data":"VYvs","Name":"$4","Offset":51635},{"Data":"VYvs","Name":"$4","Offset":51714},{"Data":"VYvs","Name":"$4","Offset":51784},{"Data":"VYvs","Name":"$4","Offset":51857},{"Data":"VYvs","Name":"$4","Offset":53012},{"Data":"VYvs","Name":"$4","Offset":53091},{"Data":"VYvs","Name":"$4","Offset":53173},{"Data":"VYvs","Name":"$4","Offset":53582},{"Data":"VYvs","Name":"$4","Offset":53767},{"Data":"VYvs","Name":"$4","Offset":54665},{"Data":"VYvs","Name":"$4","Offset":57147},{"Data":"VYvs","Name":"$4","Offset":57304},{"Data":"VYvs","Name":"$4","Offset":57373},{"Data":"VYvs","Name":"$4","Offset":57419},{"Data":"VYvs","Name":"$4","Offset":57484},{"Data":"VYvs","Name":"$4","Offset":57554},{"Data":"VYvs","Name":"$4","Offset":57621},{"Data":"VYvs","Name":"$4","Offset":57721},{"Data":"VYvs","Name":"$4","Offset":57791},{"Data":"VYvs","Name":"$4","Offset":57864},{"Data":"VYvs","Name":"$4","Offset":58192},{"Data":"VYvs","Name":"$4","Offset":58398},{"Data":"VYvs","Name":"$4","Offset":58573},{"Data":"VYvs","Name":"$4","Offset":58723},{"Data":"VYvs","Name":"$4","Offset":58910},{"Data":"VYvs","Name":"$4","Offset":59966},{"Data":"VYvs","Name":"$4","Offset":60020},{"Data":"VYvs","Name":"$4","Offset":60102},{"Data":"VYvs","Name":"$4","Offset":60156},{"Data":"VYvs","Name":"$4","Offset":60365},{"Data":"VYvs","Name":"$4","Offset":60420},{"Data":"VYvs","Name":"$4","Offset":60827},{"Data":"VYvs","Name":"$4","Offset":61127},{"Data":"VYvs","Name":"$4","Offset":64322},{"Data":"VYvs","Name":"$4","Offset":64420},{"Data":"VYvs","Name":"$4","Offset":64481},{"Data":"VYvs","Name":"$4","Offset":64995},{"Data":"VYvs","Name":"$4","Offset":65135},{"Data":"VYvs","Name":"$4","Offset":79013},{"Data":"VYvs","Name":"$4","Offset":79386},{"Data":"VYvs","Name":"$4","Offset":79548},{"Data":"VYvs","Name":"$4","Offset":79939},{"Data":"VYvs","Name":"$4","Offset":80216},{"Data":"VYvs","Name":"$4","Offset":80828},{"Data":"VYvs","Name":"$4","Offset":80904},{"Data":"VYvs","Name":"$4","Offset":80977},{"Data":"VYvs","Name":"$4","Offset":81115},{"Data":"VYvs","Name":"$4","Offset":81392},{"Data":"VYvs","Name":"$4","Offset":81446},{"Data":"VYvs","Name":"$4","Offset":81637},{"Data":"VYvs","Name":"$4","Offset":81733},{"Data":"VYvs","Name":"$4","Offset":82941},{"Data":"VYvs","Name":"$4","Offset":83142},{"Data":"VYvs","Name":"$4","Offset":84285},{"Data":"VYvs","Name":"$4","Offset":84378},{"Data":"VYvs","Name":"$4","Offset":84458},{"Data":"VYvs","Name":"$4","Offset":84506},{"Data":"VYvs","Name":"$4","Offset":84596},{"Data":"VYvs","Name":"$4","Offset":85352},{"Data":"VYvs","Name":"$4","Offset":85800},{"Data":"VYvs","Name":"$4","Offset":86680},{"Data":"VYvs","Name":"$4","Offset":86827},{"Data":"VYvs","Name":"$4","Offset":87129},{"Data":"VYvs","Name":"$4","Offset":88136},{"Data":"VYvs","Name":"$4","Offset":89412},{"Data":"VYvs","Name":"$4","Offset":91376},{"Data":"VYvs","Name":"$4","Offset":92132},{"Data":"VYvs","Name":"$4","Offset":92586},{"Data":"VYvs","Name":"$4","Offset":93216},{"Data":"VYvs","Name":"$4","Offset":94083},{"Data":"VYvs","Name":"$4","Offset":94106},{"Data":"VYvs","Name":"$4","Offset":94150},{"Data":"VYvs","Name":"$4","Offset":94447},{"Data":"VYvs","Name":"$4","Offset":94714},{"Data":"VYvs","Name":"$4","Offset":94872},{"Data":"VYvs","Name":"$4","Offset":94955},{"Data":"VYvs","Name":"$4","Offset":95249},{"Data":"VYvs","Name":"$4","Offset":95466}],"Namespace":"malice","Tags":[]},{"Meta":{"author":"Didier Stevens (https://DidierStevens.com)"},"Rule":"maldoc_function_prolog_signature","Strings":[{"Data":"VYvsgew=","Name":"$a1","Offset":2030},{"Data":"VYvsgew=","Name":"$a1","Offset":2082},{"Data":"VYvsgew=","Name":"$a1","Offset":2131},{"Data":"VYvsgew=","Name":"$a1","Offset":2186},{"Data":"VYvsgew=","Name":"$a1","Offset":4505},{"Data":"VYvsgew=","Name":"$a1","Offset":4728},{"Data":"VYvsgew=","Name":"$a1","Offset":5764},{"Data":"VYvsgew=","Name":"$a1","Offset":7633},{"Data":"VYvsgew=","Name":"$a1","Offset":11092},{"Data":"VYvsgew=","Name":"$a1","Offset":18429},{"Data":"VYvsgew=","Name":"$a1","Offset":18524},{"Data":"VYvsgew=","Name":"$a1","Offset":20328},{"Data":"VYvsgew=","Name":"$a1","Offset":22126},{"Data":"VYvsgew=","Name":"$a1","Offset":23087},{"Data":"VYvsgew=","Name":"$a1","Offset":26240},{"Data":"VYvsgew=","Name":"$a1","Offset":30438},{"Data":"VYvsgew=","Name":"$a1","Offset":30695},{"Data":"VYvsgew=","Name":"$a1","Offset":32279},{"Data":"VYvsgew=","Name":"$a1","Offset":35866},{"Data":"VYvsgew=","Name":"$a1","Offset":37513},{"Data":"VYvsgew=","Name":"$a1","Offset":42799},{"Data":"VYvsgew=","Name":"$a1","Offset":43724},{"Data":"VYvsgew=","Name":"$a1","Offset":44423},{"Data":"VYvsgew=","Name":"$a1","Offset":45804},{"Data":"VYvsgew=","Name":"$a1","Offset":47220},{"Data":"VYvsgew=","Name":"$a1","Offset":47816},{"Data":"VYvsgew=","Name":"$a1","Offset":48225},{"Data":"VYvsgew=","Name":"$a1","Offset":49049},{"Data":"VYvsgew=","Name":"$a1","Offset":49505},{"Data":"VYvsgew=","Name":"$a1","Offset":51006},{"Data":"VYvsgew=","Name":"$a1","Offset":51857},{"Data":"VYvsgew=","Name":"$a1","Offset":53767},{"Data":"VYvsgew=","Name":"$a1","Offset":58723},{"Data":"VYvsgew=","Name":"$a1","Offset":64481},{"Data":"VYvsgew=","Name":"$a1","Offset":79013},{"Data":"VYvsgew=","Name":"$a1","Offset":81115},{"Data":"VYvsgew=","Name":"$a1","Offset":85800}],"Namespace":"malice","Tags":[]},{"Meta":{"author":"Didier Stevens (https://DidierStevens.com)"},"Rule":"maldoc_structured_exception_handling","Strings":[{"Data":"ZKEAAAAA","Name":"$a2","Offset":93231},{"Data":"ZKEAAAAA","Name":"$a2","Offset":93855}],"Namespace":"malice","Tags":[]},{"Meta":{"author":"Didier Stevens (https://DidierStevens.com)"},"Rule":"maldoc_find_kernel32_base_method_1","Strings":[{"Data":"ZKEwAAAA","Name":"$a2","Offset":8884},{"Data":"ZKEwAAAA","Name":"$a2","Offset":37117}],"Namespace":"malice","Tags":[]},{"Meta":{"author":"Didier Stevens (https://DidierStevens.com)"},"Rule":"maldoc_getEIP_method_1","Strings":[{"Data":"6AAAAABd","Name":"$a","Offset":10299},{"Data":"6AAAAABd","Name":"$a","Offset":42192},{"Data":"6AAAAABZ","Name":"$a","Offset":55327}],"Namespace":"malice","Tags":[]},{"Meta":{"author":"Didier Stevens (https://DidierStevens.com)"},"Rule":"maldoc_suspicious_strings","Strings":[{"Data":"Q2xvc2VIYW5kbGU=","Name":"$a01","Offset":13818},{"Data":"Q2xvc2VIYW5kbGU=","Name":"$a01","Offset":98964},{"Data":"Q2xvc2VIYW5kbGU=","Name":"$a01","Offset":120466},{"Data":"Q3JlYXRlRmlsZQ==","Name":"$a02","Offset":121244},{"Data":"Q3JlYXRlRmlsZQ==","Name":"$a02","Offset":121902},{"Data":"R2V0UHJvY0FkZHI=","Name":"$a03","Offset":120374},{"Data":"R2V0U3lzdGVtRGlyZWN0b3J5","Name":"$a04","Offset":121160},{"Data":"R2V0V2luZG93c0RpcmVjdG9yeQ==","Name":"$a06","Offset":121136},{"Data":"SXNCYWRSZWFkUHRy","Name":"$a07","Offset":121868},{"Data":"TG9hZExpYnJhcnk=","Name":"$a09","Offset":120570},{"Data":"UmVhZEZpbGU=","Name":"$a10","Offset":121798},{"Data":"U2V0RmlsZVBvaW50ZXI=","Name":"$a11","Offset":121810},{"Data":"VmlydHVhbEFsbG9j","Name":"$a14","Offset":13520},{"Data":"VmlydHVhbEFsbG9j","Name":"$a14","Offset":120960},{"Data":"V3JpdGVGaWxl","Name":"$a16","Offset":121232}],"Namespace":"malice","Tags":[]},{"Meta":{"ep_only":"false","description":"[dUP v2.x Patcher --> www.diablo2oo2.cjb.net]"},"Rule":"PEiD_00497_dUP_v2_x_Patcher_____www_diablo2oo2_cjb_net_","Strings":[{"Data":"VGhpcyBwcm9ncmFtIGNhbm5vdCBiZSBydW4gaW4gRE9TIG1v","Name":"$a","Offset":78},{"Data":"VGhpcyBwcm9ncmFtIGNhbm5vdCBiZSBydW4gaW4gRE9TIG1v","Name":"$a","Offset":17262}],"Namespace":"malice","Tags":[]},{"Meta":{"ep_only":"false","description":"[MASM/TASM - sig1(h)]"},"Rule":"PEiD_01004_MASM_TASM___sig1_h__","Strings":[{"Data":"zP8l7FBBAP8lfFJBAP8lgFJBAP8lhFJBAP8liFJBAP8ljFJBAP8lkFJBAP8llFJBAP8lmFJBAP8lnFJBAP8luFJBAA==","Name":"$a","Offset":55041}],"Namespace":"malice","Tags":[]},{"Meta":{"ep_only":"false","description":"[MASM/TASM - sig4 (h)]"},"Rule":"PEiD_01007_MASM_TASM___sig4__h__","Strings":[{"Data":"/yXsUEEA/yV8UkEA/yWAUkEA/yWEUkEA/yWIUkEA/yWMUkEA/yWQUkEA/yWUUkEA/yWYUkEA/yWcUkEA/yW4UkEA","Name":"$a","Offset":55042},{"Data":"/yV8UkEA/yWAUkEA/yWEUkEA/yWIUkEA/yWMUkEA/yWQUkEA/yWUUkEA/yWYUkEA/yWcUkEA/yW4UkEA/yW8UkEA","Name":"$a","Offset":55048},{"Data":"/yWAUkEA/yWEUkEA/yWIUkEA/yWMUkEA/yWQUkEA/yWUUkEA/yWYUkEA/yWcUkEA/yW4UkEA/yW8UkEA/yXAUkEA","Name":"$a","Offset":55054},{"Data":"/yWEUkEA/yWIUkEA/yWMUkEA/yWQUkEA/yWUUkEA/yWYUkEA/yWcUkEA/yW4UkEA/yW8UkEA/yXAUkEA/yXEUkEA","Name":"$a","Offset":55060},{"Data":"/yWIUkEA/yWMUkEA/yWQUkEA/yWUUkEA/yWYUkEA/yWcUkEA/yW4UkEA/yW8UkEA/yXAUkEA/yXEUkEA/yXIUkEA","Name":"$a","Offset":55066},{"Data":"/yWMUkEA/yWQUkEA/yWUUkEA/yWYUkEA/yWcUkEA/yW4UkEA/yW8UkEA/yXAUkEA/yXEUkEA/yXIUkEA/yUAUkEA","Name":"$a","Offset":55072},{"Data":"/yWQUkEA/yWUUkEA/yWYUkEA/yWcUkEA/yW4UkEA/yW8UkEA/yXAUkEA/yXEUkEA/yXIUkEA/yUAUkEA/yX4UUEA","Name":"$a","Offset":55078},{"Data":"/yWUUkEA/yWYUkEA/yWcUkEA/yW4UkEA/yW8UkEA/yXAUkEA/yXEUkEA/yXIUkEA/yUAUkEA/yX4UUEA/yX0UUEA","Name":"$a","Offset":55084},{"Data":"/yWYUkEA/yWcUkEA/yW4UkEA/yW8UkEA/yXAUkEA/yXEUkEA/yXIUkEA/yUAUkEA/yX4UUEA/yX0UUEA/yX8UUEA","Name":"$a","Offset":55090},{"Data":"/yWcUkEA/yW4UkEA/yW8UkEA/yXAUkEA/yXEUkEA/yXIUkEA/yUAUkEA/yX4UUEA/yX0UUEA/yX8UUEA/yXoUUEA","Name":"$a","Offset":55096},{"Data":"/yW4UkEA/yW8UkEA/yXAUkEA/yXEUkEA/yXIUkEA/yUAUkEA/yX4UUEA/yX0UUEA/yX8UUEA/yXoUUEA/yXkUUEA","Name":"$a","Offset":55102},{"Data":"/yW8UkEA/yXAUkEA/yXEUkEA/yXIUkEA/yUAUkEA/yX4UUEA/yX0UUEA/yX8UUEA/yXoUUEA/yXkUUEA/yXgUUEA","Name":"$a","Offset":55108},{"Data":"/yXAUkEA/yXEUkEA/yXIUkEA/yUAUkEA/yX4UUEA/yX0UUEA/yX8UUEA/yXoUUEA/yXkUUEA/yXgUUEA/yXwUUEA","Name":"$a","Offset":55114},{"Data":"/yXEUkEA/yXIUkEA/yUAUkEA/yX4UUEA/yX0UUEA/yX8UUEA/yXoUUEA/yXkUUEA/yXgUUEA/yXwUUEA/yXsUUEA","Name":"$a","Offset":55120},{"Data":"/yXIUkEA/yUAUkEA/yX4UUEA/yX0UUEA/yX8UUEA/yXoUUEA/yXkUUEA/yXgUUEA/yXwUUEA/yXsUUEA/yVYUkEA","Name":"$a","Offset":55126},{"Data":"/yUAUkEA/yX4UUEA/yX0UUEA/yX8UUEA/yXoUUEA/yXkUUEA/yXgUUEA/yXwUUEA/yXsUUEA/yVYUkEA/yUIUkEA","Name":"$a","Offset":55132}],"Namespace":"malice","Tags":[]},{"Meta":{"ep_only":"false","description":"[Microsoft Visual C++ 6.0 - 8.0]"},"Rule":"PEiD_01070_Microsoft_Visual_C___6_0___8_0_","Strings":[{"Data":"i0QkCItMJBALyItMJAx1CYtEJAT34cIQAFP34YvYi0QkCPdkJBQD2ItEJAj34QPTW8IQAA==","Name":"$a","Offset":6448},{"Data":"i0QkCItMJBALyItMJAx1CYtEJAT34cIQAFP34YvYi0QkCPdkJBQD2ItEJAj34QPTW8IQAA==","Name":"$a","Offset":29792}],"Namespace":"malice","Tags":[]},{"Meta":{"description":"dUP v2.x Patcher --> www.diablo2oo2.cjb.net"},"Rule":"_dUP_v2x_Patcher__wwwdiablo2oo2cjbnet_","Strings":[{"Data":"VGhpcyBwcm9ncmFtIGNhbm5vdCBiZSBydW4gaW4gRE9TIG1v","Name":"$0","Offset":78},{"Data":"VGhpcyBwcm9ncmFtIGNhbm5vdCBiZSBydW4gaW4gRE9TIG1v","Name":"$0","Offset":17262}],"Namespace":"malice","Tags":[]}]},"fsecure":{"infected":false,"database":"","engine":"","results":{"aquarius":"","fse":""},"updated":"20161005"},"f-prot":{"result":"","infected":false,"engine":"4.6.5.141","updated":"20161005"}},"document":{"javascript":null,"office":null,"pdf":null},"exe":{"floss":null,"pe":null},"intel":{"nsrl":{"Found":false},"shadow-server":null,"team-cymru":null,"virustotal":{"sha1":"bd828f7951b7ff7193943731a79cdf466f4c8def","response_code":1,"total":57,"sha256":"df192e9020c411a26bf28d47b4eb859f5e375013ef250e46b86a930ae67d6bae","resource":"15f994b0886f7d7c547e24859b991c33","scans":{"AegisLab":{"result":"Troj.W32.Pincav.ukz!c","detected":true,"update":"20160830","version":"4.2"},"Tencent":{"result":"Win32.Trojan.Pincav.Eanx","detected":true,"update":"20160830","version":"1.0.0.1"},"Ad-Aware":{"result":"Gen:Variant.Graftor.18118","detected":true,"update":"20160830","version":"3.0.3.794"},"McAfee-GW-Edition":{"result":"BehavesLike.Win32.Trojan.ch","detected":true,"update":"20160830","version":"v2015"},"ALYac":{"result":"Gen:Variant.Graftor.18118","detected":true,"update":"20160830","version":"1.0.1.9"},"Alibaba":{"result":null,"detected":false,"update":"20160830","version":"1.0"},"TotalDefense":{"result":"Win32/Spyeye.B!ISIgeneric","detected":true,"update":"20160830","version":"37.1.62.1"},"Rising":{"result":"Trojan.Generic-WuVjRpM2iKQ (cloud)","detected":true,"update":"20160830","version":"28.0.0.1"},"Zoner":{"result":null,"detected":false,"update":"20160830","version":"1.0"},"nProtect":{"result":"Trojan/W32.Pincav.148480.B","detected":true,"update":"20160830","version":"2016-08-30.02"},"F-Secure":{"result":"Gen:Variant.Graftor.18118","detected":true,"update":"20160830","version":"11.0.19100.45"},"CMC":{"result":null,"detected":false,"update":"20160830","version":"1.1.0.977"},"GData":{"result":"Gen:Variant.Graftor.18118","detected":true,"update":"20160830","version":"25"},"K7AntiVirus":{"result":"Trojan ( 001275ac1 )","detected":true,"update":"20160830","version":"9.238.20722"},"TheHacker":{"result":null,"detected":false,"update":"20160829","version":"6.8.0.5.1043"},"Microsoft":{"result":"Trojan:Win32/EyeStye","detected":true,"update":"20160830","version":"1.1.13000.0"},"Comodo":{"result":null,"detected":false,"update":"20160830","version":"25680"},"Kingsoft":{"result":null,"detected":false,"update":"20160830","version":"2013.8.14.323"},"ClamAV":{"result":"Win.Trojan.Spyeye-495","detected":true,"update":"20160830","version":"0.98.5.0"},"Jiangmin":{"result":"Trojan/Pincav.dfh","detected":true,"update":"20160830","version":"16.0.100"},"K7GW":{"result":"Trojan ( 001275ac1 )","detected":true,"update":"20160830","version":"9.238.20719"},"Arcabit":{"result":"Trojan.Graftor.D46C6","detected":true,"update":"20160830","version":"1.0.0.772"},"ESET-NOD32":{"result":"a variant of Win32/Agent.QQS","detected":true,"update":"20160830","version":"14042"},"Symantec":{"result":"Trojan.Spyeye","detected":true,"update":"20160830","version":"20151.1.1.4"},"NANO-Antivirus":{"result":"Trojan.Win32.Pincav.lcnq","detected":true,"update":"20160830","version":"1.0.38.8984"},"Avira":{"result":"TR/Crypt.ZPACK.Gen","detected":true,"update":"20160830","version":"8.3.3.4"},"Sophos":{"result":"Mal/Spyeye-A","detected":true,"update":"20160830","version":"4.98.0"},"McAfee":{"result":"BackDoor-Spyeye","detected":true,"update":"20160830","version":"6.0.6.653"},"Cyren":{"result":"W32/SpyEyes.A.gen!Eldorado","detected":true,"update":"20160830","version":"5.4.16.7"},"TrendMicro":{"result":"TSPY_SPYEYE.SM","detected":true,"update":"20160830","version":"9.740.0.1012"},"VIPRE":{"result":"Trojan.Win32.Malware (fs)","detected":true,"update":"20160830","version":"51940"},"Panda":{"result":"Generic Suspicious","detected":true,"update":"20160830","version":"4.6.4.2"},"TrendMicro-HouseCall":{"result":"TSPY_SPYEYE.SM","detected":true,"update":"20160830","version":"9.850.0.1008"},"CAT-QuickHeal":{"result":"Trojan.Pincav.r7","detected":true,"update":"20160830","version":"14.00"},"AVG":{"result":null,"detected":false,"update":"20160830","version":"16.0.0.4649"},"Invincea":{"result":"virus.win32.virut.bn","detected":true,"update":"20160830","version":"6.2.0.24118"},"Baidu":{"result":"Win32.Trojan.WisdomEyes.151026.9950.9998","detected":true,"update":"20160830","version":"1.0.0.2"},"DrWeb":{"result":"Trojan.PWS.SpySweep","detected":true,"update":"20160830","version":"7.0.22.8240"},"AhnLab-V3":{"result":"Trojan/Win32.SpyEye.N91325728","detected":true,"update":"20160830","version":"3.7.5.15326"},"MicroWorld-eScan":{"result":"Gen:Variant.Graftor.18118","detected":true,"update":"20160830","version":"12.0.250.0"},"Emsisoft":{"result":"Gen:Variant.Graftor.18118 (B)","detected":true,"update":"20160830","version":"3.5.0.658"},"F-Prot":{"result":"W32/SpyEyes.A.gen!Eldorado","detected":true,"update":"20160830","version":"4.7.1.166"},"Bkav":{"result":"W32.CleanSweapA.Fam.Trojan","detected":true,"update":"20160830","version":"1.3.0.8108"},"Avast":{"result":"Win32:Malware-gen","detected":true,"update":"20160830","version":"8.0.1489.320"},"Kaspersky":{"result":"Trojan.Win32.Pincav.ukz","detected":true,"update":"20160830","version":"15.0.1.13"},"SUPERAntiSpyware":{"result":null,"detected":false,"update":"20160830","version":"5.6.0.1032"},"Qihoo-360":{"result":"Win32/Trojan.Spy.4b0","detected":true,"update":"20160830","version":"1.0.0.1120"},"Zillya":{"result":"Trojan.SpyEye.Win32.4","detected":true,"update":"20160830","version":"2.0.0.3031"},"Malwarebytes":{"result":"Trojan.Agent","detected":true,"update":"20160830","version":"2.1.1.1115"},"ViRobot":{"result":"Trojan.Win32.Pincav.148480.B[h]","detected":true,"update":"20160830","version":"2014.3.20.0"},"AVware":{"result":"Trojan.Win32.Malware (fs)","detected":true,"update":"20160830","version":"1.5.0.42"},"VBA32":{"result":"BScope.Trojan-Dropper.Injector","detected":true,"update":"20160829","version":"3.12.26.4"},"Ikarus":{"result":"Trojan-Spy.Win32.SpyEyes","detected":true,"update":"20160830","version":"T3.2.1.6.0"},"Yandex":{"result":"Trojan.Invader!","detected":true,"update":"20160830","version":"5.5.1.3"},"Fortinet":{"result":"W32/Spyeye.NVB!tr","detected":true,"update":"20160830","version":"5.4.233.0"},"Antiy-AVL":{"result":null,"detected":false,"update":"20160830","version":"1.0.0.1"},"BitDefender":{"result":"Gen:Variant.Graftor.18118","detected":true,"update":"20160830","version":"7.2"}},"verbose_msg":"Scan finished, information embedded","positives":48,"scan_id":"df192e9020c411a26bf28d47b4eb859f5e375013ef250e46b86a930ae67d6bae-1472557298","permalink":"https://www.virustotal.com/file/df192e9020c411a26bf28d47b4eb859f5e375013ef250e46b86a930ae67d6bae/analysis/1472557298/","scan_date":"2016-08-30 11:41:38","md5":"15f994b0886f7d7c547e24859b991c33"}},"metadata":{"fileinfo":null},"pe":{"floss":{"stack":null,"utf-16":null,"decoded":[],"ascii":["signal: killed"]}}},"scan_date":"2016-12-11T16:00:28.241257435Z"}}
